transcript_id	gene_id	structural_category	associated_gene	associated_trans	chrom	strand	exons	donors	acceptors	TSS_genomic_coord	TTS_genomic_coord	length	sim_type	requested_counts	requested_tpm	sim_counts
NM_001011874	Xkr4	intergenic	novel	novel	chr1	-	3	3287191,3492124	3491925,3740775	3741722	3284704	3634	known	244	15070.1	244
NM_001370921	Rp1	novel_not_in_catalog	Rp1	novel	chr1	-	23	4190296,4212989,4218186,4218967,4234164,4240627,4267864,4277060,4297046,4298842,4301367,4313485,4313671,4313842,4315329,4331828,4337843,4355121,4363235,4381656,4422304,4423060	4212835,4218035,4218835,4234078,4240428,4267757,4276883,4296834,4298666,4301276,4313356,4313640,4313766,4315254,4331750,4337692,4354989,4363149,4381493,4422133,4422425,4430423	4430527	4190088	3545	known	1	61.76	1
NM_001195662	Rp1	novel_not_in_catalog	Rp1	novel	chr1	-	4	4363235,4422304,4423060	4422133,4422425,4479393	4479465	4361068	3047	novel	16	988.2	16
NM_011283	Rp1	novel_not_in_catalog	Rp1	novel	chr1	-	4	4420314,4422304,4423060	4422133,4422425,4430423	4430538	4413729	7508	known	5	308.81	5
NM_001289464	Sox17	novel_not_in_catalog	Sox17	novel	chr1	-	4	4562891,4563713,4564086	4563323,4563995,4566514	4567578	4561150	3288	known	14	864.68	14
NM_001289465	Sox17	novel_in_catalog	Sox17	novel	chr1	-	4	4562891,4564086,4566165	4563995,4565359,4566514	4567578	4561150	3704	known	1	61.76	1
NM_001289466	Sox17	novel_not_in_catalog	Sox17	novel	chr1	-	4	4562891,4564086,4565421	4563995,4565359,4566514	4567578	4561150	2960	known	1	61.76	1
NM_001289467	Sox17	novel_in_catalog	Sox17	novel	chr1	-	3	4562891,4564086	4563995,4566514	4567578	4561150	2897	novel	13	802.92	13
NM_011441	Sox17	novel_not_in_catalog	Sox17	novel	chr1	-	5	4562891,4563689,4564086,4566165	4563323,4563995,4565359,4566514	4567578	4561150	4071	known	225	13896.61	225
NM_001177658	Mrpl15	novel_not_in_catalog	Mrpl15	novel	chr1	-	5	4847024,4847871,4852956,4854328	4847748,4852791,4854174,4855796	4855950	4843420	4203	novel	85	5249.83	85
NM_025300	Mrpl15	novel_in_catalog	Mrpl15	novel	chr1	-	5	4844739,4847871,4852956,4854328	4847748,4852791,4854174,4855796	4855950	4843420	1918	known	21	1297.02	21
NR_033530	Mrpl15	novel_in_catalog	Mrpl15	novel	chr1	-	4	4844739,4847871,4852956	4847748,4852791,4855796	4855950	4843420	1763	known	173	10684.95	173
NM_001355712	Lypla1	novel_in_catalog	Lypla1	novel	chr1	+	8	4878205,4878709,4898872,4900538,4902604,4907297,4911355	4878678,4898807,4900491,4902534,4907224,4911179,4915186	4878046	4916958	2401	known	53	3273.42	53
NM_008866	Lypla1	novel_not_in_catalog	Lypla1	novel	chr1	+	9	4878205,4878709,4898872,4900538,4902604,4907297,4909711,4911355	4878678,4898807,4900491,4902534,4907224,4909610,4911179,4915186	4878046	4916958	2503	novel	3	185.29	3
NM_001159750	Tcea1	novel_not_in_catalog	Tcea1	novel	chr1	+	10	4928199,4937755,4948355,4957054,4959825,4961019,4962292,4963786,4965228	4937693,4948250,4956967,4959683,4960963,4962138,4963640,4965157,4966579	4927917	4968132	2668	known	6376	393799.02	6376
NM_011541	Tcea1	novel_in_catalog	Tcea1	novel	chr1	+	10	4928199,4937755,4948355,4957054,4959825,4961019,4962292,4963786,4965228	4937693,4948250,4956967,4959680,4960963,4962138,4963640,4965157,4966579	4927917	4968132	2671	novel	1	61.76	1
NM_001159751	Tcea1	novel_not_in_catalog	Tcea1	novel	chr1	+	10	4928726,4937755,4948355,4957054,4959825,4961019,4962292,4963786,4965228	4937693,4948250,4956967,4959680,4960963,4962138,4963640,4965157,4966579	4928551	4968132	2564	known	1	61.76	1
NM_001290372	Rgs20	novel_not_in_catalog	Rgs20	novel	chr1	-	5	4980885,4982771,4987203,4994212	4982537,4987120,4994070,5088799	5088958	4979798	1708	novel	3	185.29	3
NM_021374	Rgs20	novel_not_in_catalog	Rgs20	novel	chr1	-	5	4980885,4982771,4987203,4994212	4982537,4987120,4994070,5089534	5089763	4979798	1778	known	3	185.29	3
NM_001177795	Rgs20	novel_not_in_catalog	Rgs20	novel	chr1	-	6	4980885,4982771,4987203,4994212,5091260	4982537,4987120,4994070,5090961,5140233	5140509	4979798	2125	known	1	61.76	1
NM_001310442	Atp6v1h	novel_in_catalog	Atp6v1h	novel	chr1	+	13	5153501,5154786,5159334,5163675,5165951,5168356,5187710,5194692,5203485,5206160,5214074,5220284	5154640,5159232,5163586,5165838,5168252,5187613,5194500,5203307,5206035,5213973,5220171,5232328	5153309	5232772	2009	novel	1	61.76	1
NM_133826	Atp6v1h	novel_not_in_catalog	Atp6v1h	novel	chr1	+	14	5153501,5154786,5159334,5163675,5165951,5168356,5171346,5187710,5194692,5203485,5206160,5214074,5220284	5154640,5159232,5163586,5165838,5168252,5171293,5187613,5194500,5203307,5206035,5213973,5220171,5232328	5153309	5232772	2063	known	1	61.76	1
NM_001204371	Oprk1	full-splice_match	Oprk1	NM_001318735	chr1	+	4	5658886,5659528,5669165	5659228,5668813,5672475	5658716	5676356	4707	known	21	1297.02	21
NM_001318735	Oprk1	full-splice_match	Oprk1	NM_001204371	chr1	+	4	5658886,5659528,5669165	5659228,5668813,5672475	5658716	5676356	4707	known	56	3458.71	56
NM_011011	Oprk1	novel_not_in_catalog	Oprk1	novel	chr1	+	4	5658886,5659528,5669165	5659258,5668813,5672475	5658716	5676356	4677	novel	4	247.05	4
NM_010342	Npbwr1	intergenic	novel	novel	chr1	-	1	NA	NA	5987618	5983925	3692	known	12	741.15	12
NM_009826	Rb1cc1	intergenic	novel	novel	chr1	+	24	6285181,6298273,6300297,6304311,6304623,6308688,6310602,6314499,6315203,6315568,6315730,6315883,6318033,6318416,6320391,6331319,6333166,6333488,6334814,6335845,6338980,6341051,6342995	6298164,6300183,6304185,6304453,6308486,6310176,6314329,6315019,6315382,6315649,6315822,6317930,6318290,6318500,6331154,6333058,6333248,6334766,6335798,6338922,6340915,6342925,6344422	6284886	6346328	7046	known	38	2346.98	38
NM_001195732	Alkal1	intergenic	novel	novel	chr1	+	5	6429738,6458850,6459744,6461340	6458797,6459664,6461264,6464494	6429555	6464955	858	known	51	3149.9	51
NM_001244692	St18	novel_in_catalog	St18	novel	chr1	+	24	6557629,6557965,6807881,6823260,6839176,6841198,6865800,6873329,6877901,6879591,6880902,6888020,6890369,6898245,6903902,6912425,6913165,6914407,6914595,6916016,6919219,6925696,6927667	6557842,6807804,6823218,6839122,6841168,6865610,6872544,6877767,6879501,6880798,6887827,6890158,6898000,6903787,6912363,6913097,6914345,6914515,6915795,6919131,6925593,6927524,6928684	6557455	6931164	5898	known	5	308.81	5
NM_001244693	St18	novel_in_catalog	St18	novel	chr1	+	23	6557629,6557965,6823260,6839176,6841198,6865800,6873329,6877901,6879591,6880902,6888020,6890369,6898245,6903902,6912425,6913165,6914407,6914595,6916016,6919219,6925696,6927667	6557842,6823218,6839122,6841168,6865610,6872544,6877767,6879501,6880798,6887827,6890158,6898000,6903787,6912363,6913097,6914345,6914515,6915795,6919131,6925593,6927524,6928684	6557455	6931164	5820	known	1	61.76	1
NM_173868	St18	novel_in_catalog	St18	novel	chr1	+	22	6800464,6823260,6839176,6841198,6865800,6873329,6877901,6879591,6880902,6888020,6890369,6898245,6903902,6912425,6913165,6914407,6914595,6916016,6919219,6925696,6927667	6823218,6839122,6841168,6865610,6872544,6877767,6879501,6880798,6887827,6890158,6898000,6903787,6912363,6913097,6914345,6914515,6915795,6919131,6925593,6927524,6928684	6800275	6931164	5711	novel	16	988.2	16
NR_045188	St18	novel_in_catalog	St18	novel	chr1	+	24	6800464,6807881,6822592,6823260,6839176,6841198,6865800,6873329,6877901,6879591,6880902,6888020,6890369,6898245,6903902,6912425,6913165,6914407,6914595,6916016,6919219,6925696,6927667	6807804,6822520,6823218,6839122,6841168,6865610,6872544,6877767,6879501,6880798,6887827,6890158,6898000,6903787,6912363,6913097,6914345,6914515,6915795,6919131,6925593,6927524,6928684	6800275	6931164	5862	known	1	61.76	1
NR_045189	St18	novel_in_catalog	St18	novel	chr1	+	23	6800464,6822592,6823260,6839176,6841198,6865800,6873329,6877901,6879591,6880902,6888020,6890369,6898245,6903902,6912425,6913165,6914407,6914595,6916016,6919219,6925696,6927667	6822520,6823218,6839122,6841168,6865610,6872544,6877767,6879501,6880798,6887827,6890158,6898000,6903787,6912363,6913097,6914345,6914515,6915795,6919131,6925593,6927524,6928684	6800275	6931164	5784	known	13	802.92	13
NM_183028	Pcmtd1	intergenic	novel	novel	chr1	+	6	7159440,7190839,7217963,7231287,7233595	7190418,7217861,7231116,7233472,7239739	7159144	7243852	5232	known	1114	68803.66	1114
NM_001290390	Sntg1	novel_not_in_catalog	Sntg1	novel	chr1	-	21	8433857,8484537,8515343,8518356,8533689,8535777,8624987,8653558,8665766,8677376,8695105,8748072,8748201,8749354,8752253,8853121,8874194,8952438,9069473,9273485	8484427,8515251,8518204,8533618,8535661,8624949,8653429,8665636,8677294,8695003,8748031,8748161,8749297,8752197,8852987,8874141,8952385,9069410,9273404,9368358	9370103	8429962	7259	novel	1	61.76	1
NM_001290392	Sntg1	novel_in_catalog	Sntg1	novel	chr1	-	18	8433857,8484537,8515343,8518356,8533689,8535777,8624987,8653558,8695105,8748072,8748204,8749354,8752253,8853121,8874194,9069473,9273485	8484427,8515251,8518204,8533618,8535661,8624949,8653429,8695003,8748031,8748161,8749297,8752197,8852987,8874141,9069410,9273404,9368358	9370103	8429962	6994	known	1	61.76	1
NM_001290393	Sntg1	novel_in_catalog	Sntg1	novel	chr1	-	20	8433857,8484537,8515343,8518356,8533689,8535777,8624987,8653558,8665766,8677376,8695105,8748072,8748204,8749354,8752253,8853121,8874194,9069473,9273485	8484427,8515251,8518204,8533618,8535661,8624949,8653429,8665636,8677294,8695003,8748031,8748161,8749297,8752197,8852987,8874141,9069410,9273404,9368358	9370103	8429962	7208	known	5	308.81	5
NM_027671	Sntg1	novel_in_catalog	Sntg1	novel	chr1	-	21	8433857,8484537,8515343,8518356,8533689,8535777,8624987,8653558,8665766,8677376,8695105,8748072,8748204,8749354,8752253,8853121,8874194,8952438,9069473,9273485	8484427,8515251,8518204,8533618,8535661,8624949,8653429,8665636,8677294,8695003,8748031,8748161,8749297,8752197,8852987,8874141,8952385,9069410,9273404,9368358	9370103	8429962	7262	known	3	185.29	3
NM_021511	Rrs1	intergenic	novel	novel	chr1	+	1	NA	NA	9615633	9617680	2048	known	2	123.53	2
NM_001357376	Adhfe1	novel_in_catalog	Adhfe1	novel	chr1	+	13	9618376,9620169,9623201,9623697,9624044,9625840,9627330,9628510,9630432,9633812,9634118,9637163	9620132,9623148,9623543,9623848,9625763,9627225,9628358,9630334,9633734,9634022,9637006,9646416	9618173	9648195	3198	novel	3	185.29	3
NM_001357377	Adhfe1	novel_not_in_catalog	Adhfe1	novel	chr1	+	15	9618376,9618841,9620169,9621982,9623201,9623697,9624044,9625840,9627330,9628510,9630432,9633812,9634118,9637163	9618665,9620132,9621942,9623148,9623543,9623848,9625763,9627225,9628358,9630334,9633734,9634022,9637006,9646416	9618173	9648195	3416	known	8	494.1	8
NM_001357378	Adhfe1	novel_in_catalog	Adhfe1	novel	chr1	+	12	9618376,9620169,9623697,9624044,9625840,9627330,9628510,9630432,9633812,9634118,9637163	9620132,9623543,9623848,9625763,9627225,9628358,9630334,9633734,9634022,9637006,9646416	9618173	9648195	3144	known	7	432.34	7
NM_175236	Adhfe1	novel_in_catalog	Adhfe1	novel	chr1	+	14	9618376,9620169,9621982,9623201,9623697,9624044,9625840,9627330,9628510,9630432,9633812,9634118,9637163	9620132,9621942,9623148,9623543,9623848,9625763,9627225,9628358,9630334,9633734,9634022,9637006,9646416	9618173	9648195	3239	known	9	555.86	9
NR_015470	2610203C22Rik	antisense	Vxn	novel	chr1	-	5	9632003,9634096,9689864,9691307	9634048,9689775,9691180,9701286	9701318	9631057	1245	known	66	4076.34	66
NM_178399	Vxn	antisense	2610203C22Rik	novel	chr1	+	6	9671875,9677254,9683699,9690122,9692909	9677199,9683537,9690061,9692818,9694938	9671492	9697367	3187	known	1	61.76	1
NM_001290397	Mybl1	novel_in_catalog	Mybl1	novel	chr1	-	15	9740237,9742541,9742881,9743440,9744112,9746560,9748730,9752114,9753393,9756035,9758006,9760398,9763014,9763617	9742437,9742765,9743326,9743970,9746192,9748497,9752010,9753322,9755861,9757786,9760306,9762943,9763512,9770160	9770435	9737635	4804	known	68	4199.86	68
NM_008651	Mybl1	novel_not_in_catalog	Mybl1	novel	chr1	-	16	9740237,9741983,9742541,9742881,9743440,9744112,9746560,9748730,9752114,9753393,9756035,9758006,9760398,9763014,9763617	9741804,9742437,9742765,9743326,9743970,9746192,9748497,9752010,9753322,9755861,9757786,9760306,9762943,9763512,9770160	9770435	9737635	4984	novel	2	123.53	2
NM_173443	Vcpip1	antisense	1700034P13Rik	novel	chr1	-	3	9795575,9807277	9807191,9815675	9818608	9788846	9749	known	45	2779.32	45
NR_040462	1700034P13Rik	antisense	Vcpip1	novel	chr1	+	4	9818829,9822789,9841020	9822674,9840897,9841185	9817873	9841481	1494	known	6	370.58	6
NM_133220	Sgk3	novel_not_in_catalog	Sgk3	novel	chr1	+	18	9868471,9897344,9935573,9938691,9941927,9942558,9947478,9949300,9950614,9951886,9952116,9954744,9954886,9955978,9956367,9959250,9961675	9897238,9935356,9938608,9941855,9942483,9947391,9949251,9950557,9951803,9951985,9954632,9954850,9955892,9956272,9959095,9961586,9968945	9868355	9972793	5515	known	6	370.58	6
NM_177547	Sgk3	novel_in_catalog	Sgk3	novel	chr1	+	17	9868471,9935573,9938691,9941927,9942558,9947478,9949300,9950614,9951886,9952116,9954744,9954886,9955978,9956367,9959250,9961675	9935356,9938608,9941855,9942483,9947391,9949251,9950557,9951803,9951985,9954632,9954850,9955892,9956272,9959095,9961586,9968945	9868355	9972793	5408	known	1	61.76	1
NM_001037759	Sgk3	novel_not_in_catalog	Sgk3	novel	chr1	+	17	9918610,9935573,9938691,9941927,9942558,9947478,9949300,9950614,9951886,9952116,9954744,9954886,9955978,9956367,9959250,9961675	9935356,9938608,9941855,9942483,9947391,9949251,9950557,9951803,9951985,9954632,9954850,9955892,9956272,9959095,9961586,9968945	9918506	9972793	5396	novel	4	247.05	4
NM_177722	Mcmdc2	intergenic	novel	novel	chr1	+	15	9978915,9982037,9982265,9982398,9985894,9986663,9986879,9989370,9990897,9994487,10001172,10002406,10004290,10007330	9981900,9982135,9982339,9985699,9986541,9986775,9989245,9990660,9994282,10001006,10002227,10004148,10007221,10010603	9978863	10011179	2553	known	1	61.76	1
NR_024067	Snhg6	intergenic	Snord87	novel	chr1	-	4	10012380,10012616,10012942	10012548,10012835,10014245	10014344	10012249	407	known	166	10252.61	166
NR_004410	Snord87	intergenic	novel	novel	chr1	-	1	NA	NA	10012769	10012694	74	known	0	0.0	0
NM_001285425	Tcf24	intergenic	novel	novel	chr1	-	3	10033746,10037742	10037324,10037949	10038036	10030387	3865	known	6	370.58	6
NM_145692	Ppp1r42	novel_not_in_catalog	Ppp1r42	novel	chr1	-	9	10039156,10046971,10049172,10055934,10065487,10069764,10070362,10073678	10046812,10049041,10055817,10065371,10069626,10070196,10073460,10079297	10079362	10038846	1427	known	3	185.29	3
NR_110971	Ppp1r42	novel_not_in_catalog	Ppp1r42	novel	chr1	-	7	10039156,10055934,10065502,10069764,10070362,10073678	10055817,10065371,10069626,10070196,10073460,10079297	10079362	10038846	1150	novel	2	123.53	2
NM_001277101	Cops5	novel_not_in_catalog	Cops5	novel	chr1	-	8	10095288,10097476,10100935,10102649,10103548,10104361,10105388	10097328,10100824,10102564,10103483,10104233,10105154,10108144	10108385	10094824	1482	novel	202	12476.07	202
NM_013715	Cops5	novel_not_in_catalog	Cops5	novel	chr1	-	8	10095288,10097476,10100935,10102649,10103548,10104361,10105388	10097328,10100824,10102564,10103483,10104233,10105154,10107895	10108385	10094824	1731	known	2	123.53	2
NR_102282	Cops5	novel_not_in_catalog	Cops5	novel	chr1	-	8	10095288,10097476,10100935,10102649,10103548,10104361,10105388	10097328,10100824,10102564,10103483,10104233,10105154,10107887	10108385	10094824	1739	known	40	2470.51	40
NM_026493	Cspp1	novel_not_in_catalog	Cspp1	novel	chr1	+	30	10108569,10115409,10117751,10129048,10134638,10135646,10137045,10145171,10147467,10152571,10153783,10156177,10158409,10159185,10160542,10166238,10174589,10178706,10182767,10183247,10183932,10186309,10186956,10196704,10197788,10200257,10202742,10203498,10204455	10115301,10117649,10128945,10134558,10135548,10136651,10145085,10147397,10152478,10153726,10155972,10158276,10159107,10160413,10166091,10174437,10178594,10182618,10183101,10183828,10186243,10186839,10196565,10197648,10200211,10202679,10203389,10204317,10206159	10108443	10206993	4354	known	12	741.15	12
NM_001368816	Cspp1	novel_not_in_catalog	Cspp1	novel	chr1	+	29	10116780,10117751,10129048,10130072,10134638,10135646,10137045,10145171,10147467,10152571,10153783,10156177,10158409,10159185,10160542,10166238,10178706,10182767,10183247,10183932,10186309,10186956,10196704,10197788,10200257,10202742,10203498,10204455	10117649,10128945,10130049,10134558,10135548,10136651,10145085,10147397,10152478,10153726,10155972,10158276,10159107,10160413,10166091,10178594,10182618,10183101,10183828,10186243,10186839,10196565,10197648,10200211,10202679,10203389,10204317,10206159	10116718	10206993	4052	novel	22	1358.78	22
NM_001102430	Arfgef1	intergenic	novel	novel	chr1	-	38	10209221,10210809,10211922,10212969,10215082,10217760,10222098,10223749,10223967,10224635,10227269,10228285,10229965,10230253,10231095,10231228,10234012,10243209,10243577,10244420,10250202,10251266,10253972,10254406,10254722,10259183,10259560,10259903,10264716,10269201,10270129,10275134,10279926,10283448,10284496,10286218,10286784	10210692,10211784,10212801,10214943,10217628,10222026,10223611,10223832,10224506,10227139,10228125,10229793,10230102,10230926,10231188,10233922,10243059,10243419,10244292,10250051,10251095,10253888,10254201,10254611,10258982,10259452,10259664,10264482,10269068,10269954,10275033,10279650,10283269,10284350,10286062,10286754,10302596	10302896	10207731	7042	known	40	2470.51	40
NM_001289497	Cpa6	novel_in_catalog	Cpa6	novel	chr1	-	10	10395536,10399782,10407694,10478584,10479592,10547354,10551340,10554288,10665920	10399698,10407492,10478494,10479482,10547250,10551239,10554174,10665845,10789837	10790171	10394943	1815	known	1	61.76	1
NM_177834	Cpa6	novel_not_in_catalog	Cpa6	novel	chr1	-	11	10395536,10399782,10407694,10478584,10479592,10547354,10551340,10554288,10559174,10665920	10399698,10407492,10478494,10479482,10547250,10551239,10554174,10559050,10665845,10789837	10790171	10394943	1940	novel	8	494.1	8
NM_029525	Prex2	novel_not_in_catalog	Prex2	novel	chr1	+	40	11064133,11131621,11136140,11138339,11150348,11160102,11168820,11171391,11177976,11180650,11183067,11193448,11194087,11202637,11207061,11210322,11210552,11213021,11220119,11223903,11226582,11230504,11232625,11240299,11241015,11252258,11254764,11255436,11256201,11256989,11263778,11270276,11274392,11278879,11302020,11335969,11336383,11355383,11359544	11131550,11136018,11138235,11150247,11159941,11168687,11171288,11177827,11180506,11182967,11193345,11194038,11202562,11206989,11210180,11210460,11212873,11220034,11223767,11226465,11230320,11232464,11240077,11240808,11252079,11254670,11255354,11256111,11256861,11263737,11270059,11274290,11278736,11301906,11335903,11336193,11355281,11359477,11367932	11063689	11373906	11054	known	8	494.1	8
NM_001033636	Prex2	novel_not_in_catalog	Prex2	novel	chr1	+	6	11334319,11335969,11336383,11355383,11359544	11335903,11336193,11355281,11359477,11367932	11334187	11373906	6537	novel	6	370.58	6
NM_001160370	A830018L16Rik	incomplete-splice_match	A830018L16Rik	NM_001160371	chr1	+	7	11484861,11582289,11588933,11615506,11633215,11658770	11582142,11588802,11615378,11633187,11658598,11666375	11484329	11672045	6815	novel	1	61.76	1
NM_001160371	A830018L16Rik	novel_not_in_catalog	A830018L16Rik	novel	chr1	+	8	11484861,11582289,11588933,11615506,11633215,11658770,11666541	11582142,11588802,11615378,11633187,11658598,11666375,11667189	11484329	11672045	6168	known	7	432.34	7
NM_001160369	A830018L16Rik	novel_in_catalog	A830018L16Rik	novel	chr1	+	14	11484861,11582289,11588933,11615506,11633215,11658770,11666541,11818324,11868790,11900115,12003815,12021280,12042326	11582142,11588802,11615378,11633187,11658598,11666375,11818189,11868705,11900039,12003768,12021187,12042270,12045147	11484329	12046126	2789	known	1	61.76	1
NM_001310451	A830018L16Rik	novel_in_catalog	A830018L16Rik	novel	chr1	+	13	11484861,11582289,11588933,11615506,11633215,11658770,11666541,11818315,11868790,11900115,12021280,12042326	11582142,11588802,11615378,11633187,11658598,11666375,11818189,11868705,11900039,12021187,12042270,12045147	11484329	12046126	2732	known	6	370.58	6
NM_001374633	A830018L16Rik	novel_in_catalog	A830018L16Rik	novel	chr1	+	13	11484861,11582289,11588933,11615506,11633215,11658770,11666541,11818324,11868790,11900115,12021280,12042326	11582142,11588802,11615378,11633187,11658598,11666375,11818189,11868705,11900039,12021187,12042270,12045147	11484329	12046126	2741	known	6	370.58	6
NM_001374634	A830018L16Rik	novel_in_catalog	A830018L16Rik	novel	chr1	+	13	11484861,11588933,11615506,11633215,11658770,11666541,11818324,11868790,11900115,12003815,12021280,12042326	11588802,11615378,11633187,11658598,11666375,11818189,11868705,11900039,12003768,12021187,12042270,12045147	11484329	12046126	2641	known	2	123.53	2
NM_177173	A830018L16Rik	novel_in_catalog	A830018L16Rik	novel	chr1	+	14	11484861,11582289,11588933,11615506,11633215,11658770,11666541,11818315,11868790,11900115,12003815,12021280,12042326	11582142,11588802,11615378,11633187,11658598,11666375,11818189,11868705,11900039,12003768,12021187,12042270,12045147	11484329	12046126	2780	known	1	61.76	1
NR_105759	Mir6341	intergenic	novel	novel	chr1	+	1	NA	NA	12496210	12496330	121	known	0	0.0	0
NR_045297	Gm17644	intergenic	novel	novel	chr1	+	3	12739316,12741579	12741540,12741685	12737787	12743314	3200	known	1	61.76	1
NM_001198565	Sulf1	novel_in_catalog	Sulf1	novel	chr1	+	22	12762908,12798912,12856375,12856922,12867229,12875555,12878247,12887712,12888777,12890753,12891075,12892323,12906553,12908835,12910149,12910721,12911732,12913048,12918461,12918678,12921017	12798818,12856303,12856692,12866990,12875404,12878078,12887562,12888602,12890625,12891019,12892194,12906337,12908583,12910053,12910627,12911667,12912873,12918319,12918555,12920984,12929036	12762654	12930596	4625	known	1	61.76	1
NM_001198566	Sulf1	novel_in_catalog	Sulf1	novel	chr1	+	21	12762908,12856375,12856922,12867229,12875555,12878247,12887712,12888777,12890753,12891075,12892323,12906553,12908835,12910149,12910721,12911732,12913048,12918461,12918678,12921017	12856303,12856692,12866990,12875404,12878078,12887562,12888602,12890625,12891019,12892194,12906337,12908583,12910053,12910627,12911667,12912873,12918319,12918555,12920984,12929036	12762654	12930596	4530	known	1	61.76	1
NM_172294	Sulf1	novel_not_in_catalog	Sulf1	novel	chr1	+	22	12789007,12798912,12856375,12856922,12867229,12875555,12878247,12887712,12888777,12890753,12891075,12892323,12906553,12908835,12910149,12910721,12911732,12913048,12918461,12918678,12921017	12798818,12856303,12856692,12866990,12875404,12878078,12887562,12888602,12890625,12891019,12892194,12906337,12908583,12910053,12910627,12911667,12912873,12918319,12918555,12920984,12929036	12788769	12930596	4609	novel	2	123.53	2
NM_172841	Slco5a1	intergenic	novel	novel	chr1	-	9	12942552,12946598,12949603,12951676,12964849,12991426,13009424,13014336	12946534,12949362,12951517,12964651,12991262,13009213,13014204,13059804	13061360	12936773	8511	known	1	61.76	1
NM_001081209	Prdm14	intergenic	novel	novel	chr1	-	8	13184711,13186105,13189189,13192855,13194744,13194896,13196080	13186004,13188987,13192585,13194587,13194843,13195390,13197334	13197388	13183651	2593	known	66	4076.34	66
NM_001302702	Ncoa2	novel_not_in_catalog	Ncoa2	novel	chr1	-	22	13212996,13217188,13218739,13219332,13221142,13222680,13223299,13226759,13230514,13232512,13237330,13245572,13247445,13250848,13251541,13254587,13257134,13260414,13291703,13294937,13356249	13217099,13218541,13219155,13220914,13222603,13223021,13226594,13230385,13232297,13237120,13244303,13247298,13250705,13251440,13254399,13256957,13260311,13291531,13294833,13356193,13442407	13442654	13209328	8161	known	2	123.53	2
NM_008678	Ncoa2	novel_not_in_catalog	Ncoa2	novel	chr1	-	23	13212996,13217188,13218739,13219332,13221142,13222680,13223299,13226759,13230514,13232512,13235326,13237330,13245572,13247445,13250848,13251541,13254587,13257134,13260414,13291703,13294937,13356249	13217099,13218541,13219155,13220914,13222603,13223021,13226594,13230385,13232297,13235120,13237120,13244303,13247298,13250705,13251440,13254399,13256957,13260311,13291531,13294833,13356193,13444162	13444308	13209328	8267	novel	1	61.76	1
NM_028173	Tram1	intergenic	novel	novel	chr1	-	11	13636620,13639855,13640306,13642131,13642298,13646676,13648382,13649790,13650035,13651310	13639695,13640163,13642027,13642228,13646592,13648324,13649674,13649914,13651247,13659824	13660135	13634916	2943	known	2	123.53	2
NM_145381	Lactb2	intergenic	novel	novel	chr1	-	7	13697128,13697661,13700437,13708633,13717735,13721108	13697580,13700289,13708455,13717609,13720945,13730553	13730734	13696123	1887	known	17	1049.97	17
NM_001011873	Xkr9	intergenic	novel	novel	chr1	+	4	13739091,13742988,13754500	13742350,13754280,13770979	13738995	13771947	1926	known	1	61.76	1
NR_004447	Gm5523	intergenic	novel	novel	chr1	-	1	NA	NA	13857154	13855908	1245	known	1	61.76	1
NM_001252192	Eya1	novel_in_catalog	Eya1	novel	chr1	-	17	14241220,14249804,14253502,14253719,14254733,14254908,14279208,14299800,14301776,14322838,14323326,14341066,14344431,14344827,14353422,14374698	14249704,14253381,14253605,14254573,14254850,14279119,14299717,14301637,14322652,14323244,14340929,14344289,14344758,14353345,14374649,14379870	14380424	14239181	4214	known	2	123.53	2
NM_001310459	Eya1	novel_in_catalog	Eya1	novel	chr1	-	18	14241220,14249804,14253502,14253719,14254733,14254908,14279208,14299800,14301776,14322838,14323326,14341066,14344431,14344827,14353422,14373121,14374698	14249704,14253381,14253605,14254573,14254850,14279119,14299717,14301637,14322652,14323244,14340929,14344289,14344758,14353345,14372994,14374649,14379870	14380424	14239181	4342	novel	7	432.34	7
NM_010164	Eya1	novel_not_in_catalog	Eya1	novel	chr1	-	18	14241220,14249804,14253502,14253719,14254733,14254908,14279208,14299800,14301776,14322838,14323326,14341051,14344434,14344827,14353422,14373121,14374698	14249704,14253381,14253605,14254573,14254850,14279119,14299717,14301637,14322652,14323244,14340929,14344289,14344758,14353345,14372994,14374649,14379870	14380424	14239181	4330	known	2	123.53	2
NM_001360810	Msc	novel_not_in_catalog	Msc	novel	chr1	-	3	14824549,14824766	14824730,14825454	14826191	14823570	1753	novel	1	61.76	1
NM_010827	Msc	novel_in_catalog	Msc	novel	chr1	-	2	14824549	14825454	14826191	14823570	1716	known	90	5558.64	90
NM_001348288	Trpa1	novel_in_catalog	Trpa1	novel	chr1	-	26	14943952,14944685,14946183,14950491,14952003,14952465,14954503,14957276,14957889,14959716,14960678,14961622,14963573,14966830,14968397,14968649,14969671,14970388,14972134,14973506,14974516,14974785,14976254,14981129,14982743	14944588,14946073,14950423,14951821,14952336,14954334,14957111,14957819,14959618,14960619,14961529,14963407,14966716,14968233,14968480,14969571,14970289,14972086,14973370,14974371,14974677,14976147,14980954,14982584,14988949	14989087	14942867	4177	novel	1	61.76	1
NM_177781	Trpa1	novel_not_in_catalog	Trpa1	novel	chr1	-	27	14943952,14944685,14946183,14950491,14952003,14952465,14954503,14956063,14957276,14957889,14959716,14960678,14961622,14963573,14966830,14968397,14968649,14969671,14970388,14972134,14973506,14974516,14974785,14976254,14981129,14982743	14944588,14946073,14950423,14951821,14952336,14954334,14955974,14957111,14957819,14959618,14960619,14961529,14963407,14966716,14968233,14968480,14969571,14970289,14972086,14973370,14974371,14974677,14976147,14980954,14982584,14988949	14989087	14942867	4267	known	2	123.53	2
NM_001098528	Kcnb2	intergenic	novel	novel	chr1	+	3	15357708,15383254	15382587,15779709	15357149	15793974	15494	known	4	247.05	4
NM_001286628	Terf1	novel_in_catalog	Terf1	novel	chr1	+	9	15876181,15877960,15883386,15889307,15889987,15901790,15903713,15908512	15877865,15883265,15889158,15889875,15901731,15903625,15908406,15913145	15875870	15914276	2181	novel	3	185.29	3
NM_009352	Terf1	novel_in_catalog	Terf1	novel	chr1	+	10	15876181,15877960,15883386,15886196,15889307,15889987,15901790,15903713,15908512	15877865,15883265,15886110,15889158,15889875,15901731,15903625,15908406,15913145	15875870	15914276	2268	known	3	185.29	3
NR_152944	Terf1	novel_in_catalog	Terf1	novel	chr1	+	9	15876181,15877960,15883386,15886196,15889307,15889987,15901790,15908512	15877865,15883265,15886110,15889158,15889875,15901731,15908406,15913145	15875870	15914276	2179	known	8	494.1	8
NM_001033288	Sbspon	intergenic	novel	novel	chr1	-	5	15926086,15929289,15930575,15954064	15929113,15930485,15953870,15962663	15962947	15924085	2748	known	4	247.05	4
NM_001243238	4930444P10Rik	novel_in_catalog	4930444P10Rik	novel	chr1	-	5	16136498,16139079,16148924,16151217	16139024,16148792,16151054,16163198	16163550	16136202	1001	known	1	61.76	1
NM_001305227	4930444P10Rik	novel_not_in_catalog	4930444P10Rik	novel	chr1	-	6	16136498,16139079,16148924,16151217,16152734	16139024,16148792,16151054,16151892,16163198	16163550	16136202	1844	novel	1	61.76	1
NM_011291	Rpl7	intergenic	novel	novel	chr1	-	7	16171583,16172160,16172823,16173053,16173558,16173908	16171951,16172714,16172916,16173392,16173734,16174589	16174658	16171519	933	known	2	123.53	2
NM_133832	Rdh10	intergenic	novel	novel	chr1	+	6	16176530,16178254,16198487,16199565,16201430	16178019,16198389,16199420,16201299,16201518	16176106	16202774	2295	known	1	61.76	1
NM_001111272	Stau2	novel_in_catalog	Stau2	novel	chr1	-	13	16300090,16301315,16416235,16436363,16440110,16445035,16460257,16462848,16464434,16510682,16533418,16579632	16301227,16415928,16436303,16439979,16444898,16460045,16462741,16464275,16510547,16533259,16579566,16589397	16589527	16299033	2759	known	14	864.68	14
NM_025303	Stau2	novel_in_catalog	Stau2	novel	chr1	-	14	16300090,16301315,16416235,16436363,16440110,16445035,16460257,16462848,16464434,16510682,16533418,16556374,16579632	16301227,16415928,16436303,16439979,16444898,16460045,16462741,16464275,16510547,16533259,16556244,16579566,16589397	16589527	16299033	2890	known	8	494.1	8
NM_001347044	Stau2	novel_not_in_catalog	Stau2	novel	chr1	-	14	16416235,16436363,16440110,16445035,16460257,16462848,16464434,16510682,16533418,16556374,16579632,16587159,16588645	16436303,16439979,16444898,16460045,16462741,16464275,16510547,16533259,16556244,16579566,16587106,16588609,16589232	16589340	16414515	3225	novel	13	802.92	13
NM_001347045	Stau2	incomplete-splice_match	Stau2	NM_001111272	chr1	-	11	16416235,16436363,16440110,16445035,16460257,16462848,16464434,16510682,16533418,16579632	16436303,16439979,16444898,16460045,16462741,16464275,16510547,16533259,16579566,16589397	16589527	16414515	3025	known	468	28904.95	468
NM_001271016	Ube2w	novel_not_in_catalog	Ube2w	novel	chr1	-	7	16612013,16614256,16652226,16655576,16668277,16672577	16614173,16652151,16655500,16668175,16672486,16689461	16689516	16611011	1489	known	24	1482.3	24
NM_001271017	Ube2w	novel_in_catalog	Ube2w	novel	chr1	-	6	16641506,16652226,16655576,16668277,16672577	16652151,16655500,16668175,16672486,16689461	16689516	16638897	3012	known	7	432.34	7
NM_025773	Ube2w	novel_in_catalog	Ube2w	novel	chr1	-	6	16641506,16652226,16655655,16668277,16672577	16652151,16655500,16668175,16672486,16689461	16689516	16638897	3091	novel	24	1482.3	24
NR_073122	Ube2w	novel_in_catalog	Ube2w	novel	chr1	-	5	16641506,16652226,16655655,16672577	16652151,16655500,16672486,16689461	16689516	16638897	2988	known	1	61.76	1
NM_001310470	Eloc	novel_not_in_catalog	Eloc	novel	chr1	-	5	16713702,16716053,16717277,16718231	16715910,16717212,16718179,16727216	16727344	16711948	2145	known	1	61.76	1
NM_026456	Eloc	novel_not_in_catalog	Eloc	novel	chr1	-	4	16713702,16716053,16718231	16715910,16718179,16727046	16727090	16712988	955	novel	45	2779.32	45
NR_037998	D030040B21Rik	intergenic	novel	novel	chr1	+	4	16730002,16730452,16730873	16730245,16730779,16732245	16727776	16732502	2788	known	9	555.86	9
NM_026392	Tmem70	novel_not_in_catalog	Tmem70	novel	chr1	+	3	16735729,16737997	16737889,16747192	16735415	16748499	1732	novel	2	123.53	2
NM_027415	Tmem70	novel_not_in_catalog	Tmem70	novel	chr1	+	3	16735729,16737997	16737892,16747192	16735415	16748499	1729	known	4	247.05	4
NM_001159711	Ly96	novel_not_in_catalog	Ly96	novel	chr1	+	5	16758843,16761997,16771147,16776449	16761908,16771073,16776397,16779663	16758680	16779829	549	novel	3	185.29	3
NM_016923	Ly96	novel_not_in_catalog	Ly96	novel	chr1	+	5	16758843,16761997,16771147,16776449	16761908,16771019,16776397,16779663	16758680	16779829	603	known	2	123.53	2
NM_020604	Jph1	intergenic	novel	novel	chr1	-	5	17067783,17074758,17086381,17162281	17074115,17086263,17161522,17167450	17168114	17065163	4807	known	3	185.29	3
NM_010267	Gdap1	intergenic	novel	novel	chr1	+	6	17215812,17217352,17227358,17228727,17230262	17217160,17227185,17228633,17230148,17231351	17215597	17234494	3937	known	34	2099.93	34
NM_053191	Pi15	intergenic	novel	novel	chr1	+	6	17672266,17673108,17690125,17691757,17691986	17672801,17690007,17691625,17691871,17695059	17672125	17701163	6923	known	8	494.1	8
NR_130314	Gm16070	antisense	Crispld1	novel	chr1	-	7	17747328,17767377,17777950,17780119,17782818,17794813	17767220,17777894,17779910,17782674,17794746,17797323	17797871	17746250	2264	known	21	1297.02	21
NM_001356551	Crispld1	novel_not_in_catalog	Crispld1	novel	chr1	+	15	17797358,17799138,17815696,17816136,17817070,17817825,17819871,17820549,17820724,17821088,17823105,17823264,17826557,17832466	17798818,17815578,17816004,17816955,17817725,17819731,17820489,17820658,17820958,17823062,17823192,17826482,17832336,17834287	17797269	17836568	3886	novel	110	6793.9	110
NM_031402	Crispld1	novel_not_in_catalog	Crispld1	novel	chr1	+	15	17797987,17799138,17815696,17816136,17817070,17817825,17819871,17820549,17820724,17821088,17823105,17823264,17826557,17832466	17798818,17815578,17816004,17816955,17817725,17819731,17820489,17820658,17820958,17823062,17823192,17826482,17832336,17834287	17797641	17836431	4006	known	2	123.53	2
NM_001347047	Crisp4	novel_not_in_catalog	Crisp4	novel	chr1	-	9	18185980,18193050,18194553,18199014,18200473,18204397,18207276,18211756	18192962,18194456,18198866,18200383,18204263,18207212,18211640,18216068	18216127	18185414	1369	novel	1	61.76	1
NM_001347048	Crisp4	novel_in_catalog	Crisp4	novel	chr1	-	8	18185980,18193050,18194553,18199014,18200473,18204397,18207276	18192962,18194456,18198866,18200383,18204263,18207212,18216068	18216127	18185414	1252	known	1	61.76	1
NR_002879	Defb44-ps	intergenic	novel	novel	chr1	-	2	18280454	18293745	18293789	18280276	222	known	2	123.53	2
NM_001039123	Defb18	intergenic	novel	novel	chr1	-	2	18306884	18307598	18307701	18306625	362	known	7	432.34	7
NM_183124	Defb41	novel_not_in_catalog	Defb41	novel	chr1	-	2	18321557	18335250	18335363	18321201	469	novel	2	123.53	2
NM_001040027	Defb41	novel_not_in_catalog	Defb41	novel	chr1	-	2	18330890	18335250	18335363	18330614	389	known	57	3520.47	57
NR_151619	Gm15825	antisense	Tfap2d	novel	chr1	-	4	19133748,19135265,19145688	19135107,19145326,19174894	19175065	19133523	918	known	5	308.81	5
NM_153154	Tfap2d	novel_not_in_catalog	Tfap2d	novel	chr1	+	8	19173518,19175085,19178534,19189219,19189504,19213202,19218641	19174588,19178474,19189054,19189386,19213061,19218528,19236183	19173246	19238811	4002	novel	20	1235.25	20
NM_001379074	Tfap2d	novel_not_in_catalog	Tfap2d	novel	chr1	+	8	19173863,19175085,19178534,19189219,19189504,19213202,19218641	19174588,19178474,19189054,19189386,19213061,19218528,19236183	19173260	19244172	9694	known	1747	107899.45	1747
NM_001379073	Tfap2d	incomplete-splice_match	Tfap2d	NM_001379074	chr1	+	7	19175085,19178534,19189219,19189504,19213202,19218641	19178474,19189054,19189386,19213061,19218528,19236183	19174357	19244172	9321	known	168	10376.13	168
NM_001286340	Tfap2b	novel_not_in_catalog	Tfap2b	novel	chr1	+	8	19279472,19284633,19289477,19296879,19298784,19301378,19304530	19284175,19289417,19296660,19298666,19301237,19304274,19306832	19279138	19309069	3831	known	1	61.76	1
NM_009334	Tfap2b	incomplete-splice_match	Tfap2b	NM_001286340	chr1	+	7	19279472,19284633,19289477,19296879,19298784,19301378	19284175,19289417,19296660,19298666,19301237,19304274	19279138	19309069	6132	novel	4	247.05	4
NM_001025305	Tfap2b	novel_not_in_catalog	Tfap2b	novel	chr1	+	7	19282647,19284633,19289477,19296879,19298784,19301378	19284175,19289417,19296660,19298666,19301237,19304274	19282278	19309069	6167	known	10	617.63	10
NM_153179	Pkhd1	antisense	4930486I03Rik	novel	chr1	-	67	20128934,20140724,20143839,20151517,20173526,20174901,20188171,20268399,20269734,20271619,20279537,20282215,20290350,20293196,20309662,20345871,20358485,20380944,20382434,20417681,20420769,20429198,20431315,20434455,20444210,20444992,20447724,20451818,20461846,20462443,20484657,20520601,20573316,20579336,20590521,20594489,20604134,20604955,20607632,20610668,20617768,20618420,20620032,20621255,20623820,20625440,20628987,20629772,20632726,20633937,20634114,20636101,20637096,20637813,20640148,20641664,20654354,20655421,20655935,20657122,20658787,20664192,20678651,20683067,20683696,20685629	20140602,20143681,20151410,20173439,20174766,20187154,20268242,20269566,20270744,20279385,20282061,20290263,20293083,20309525,20345743,20358420,20380749,20382257,20417435,20420637,20429064,20431210,20434343,20444080,20444936,20447599,20451627,20461689,20462236,20484445,20520445,20573166,20579117,20590378,20592888,20604067,20604760,20607497,20610538,20617493,20618315,20619910,20621071,20623693,20625302,20628812,20629645,20632584,20633847,20634025,20635823,20636982,20637672,20640053,20641563,20654284,20655382,20655871,20657048,20658709,20664135,20678543,20682926,20683619,20685493,20688135	20688282	20128002	12928	known	18	1111.73	18
NR_045734	4930486I03Rik	antisense	Pkhd1	novel	chr1	+	3	20426929,20451443	20451319,20462116	20426678	20462524	786	known	20	1235.25	20
NR_131249	Lincmd1	genic	Mir133b	novel	chr1	+	3	20740225,20741328	20741174,20752937	20740106	20753182	521	known	1	61.76	1
NR_029593	Mir206	intergenic	novel	novel	chr1	+	1	NA	NA	20749234	20749306	73	known	0	0.0	0
NR_029902	Mir133b	incomplete-splice_match	Lincmd1	NR_131249	chr1	+	1	NA	NA	20752993	20753111	119	known	0	0.0	0
NM_010552	Il17a	intergenic	novel	novel	chr1	+	3	20801212,20802531	20802320,20803846	20801129	20804720	1171	known	372	22975.73	372
NM_145856	Il17f	intergenic	novel	novel	chr1	-	3	20848228,20849735	20849515,20854397	20854495	20847370	1177	known	5	308.81	5
NM_008563	Mcm3	intergenic	novel	novel	chr1	-	17	20873878,20875131,20875563,20876124,20877106,20879095,20879946,20880456,20882397,20882919,20883338,20884731,20885151,20887003,20887675,20888129	20875041,20875487,20876021,20876966,20878945,20879820,20880282,20882189,20882788,20883185,20884623,20884913,20886873,20887467,20888017,20890355	20890537	20873191	3031	known	15	926.44	15
NR_040492	6720483E21Rik	intergenic	novel	novel	chr1	-	4	20959363,20959879,20960153	20959700,20960070,20960332	20960698	20958873	1120	known	1	61.76	1
NM_028829	Paqr8	novel_not_in_catalog	Paqr8	novel	chr1	+	3	20960910,21002463	21002284,21004806	20960772	21009874	5388	novel	2	123.53	2
NM_001355122	Paqr8	novel_not_in_catalog	Paqr8	novel	chr1	+	3	20988113,21002463	21002284,21004806	20988064	21009874	5299	known	424	26187.39	424
NM_027974	Efhc1	intergenic	novel	novel	chr1	+	11	21022020,21025780,21030641,21031526,21037740,21043219,21045263,21049080,21049781,21059826	21025559,21030354,21031377,21037548,21042999,21045123,21048867,21049634,21059592,21060841	21021850	21061065	2208	known	1	61.76	1
NM_177409	Tram2	intergenic	novel	novel	chr1	-	11	21071859,21073357,21074205,21074554,21075861,21076458,21077135,21083133,21083735,21107684	21073194,21074062,21074450,21075791,21076374,21077077,21083017,21083626,21107621,21149218	21149450	21071620	1390	known	2	123.53	2
NM_001290679	Tmem14a	novel_not_in_catalog	Tmem14a	novel	chr1	+	5	21289113,21295867,21296270,21296903	21295782,21296169,21296816,21299632	21288799	21300391	1351	known	2154	133036.87	2154
NM_029398	Tmem14a	novel_not_in_catalog	Tmem14a	novel	chr1	+	5	21289113,21295867,21296270,21296903	21295782,21296169,21296816,21299815	21288799	21300391	1168	novel	11	679.39	11
NM_001077353	Gsta3	novel_not_in_catalog	Gsta3	novel	chr1	+	8	21310883,21315256,21320082,21327606,21329204,21330413,21333148	21315162,21319975,21327555,21329072,21330272,21333017,21335067	21310809	21335799	1470	known	1	61.76	1
NM_001288617	Gsta3	novel_not_in_catalog	Gsta3	novel	chr1	+	8	21310883,21320082,21325047,21327606,21329204,21330413,21333148	21319975,21324908,21327555,21329072,21330272,21333017,21335067	21310809	21335799	1515	known	38	2346.98	38
NM_010356	Gsta3	novel_in_catalog	Gsta3	novel	chr1	+	7	21310883,21320082,21327606,21329204,21330413,21333148	21319975,21327555,21329072,21330272,21333017,21335067	21310809	21335799	1375	novel	2	123.53	2
NR_002858	Gm4956	intergenic	novel	novel	chr1	-	6	21355957,21358497,21361589,21363836,21365201	21358366,21361519,21363704,21365150,21368265	21368537	21355469	1148	known	2	123.53	2
NM_183322	Khdc1a	intergenic	novel	novel	chr1	+	3	21420343,21420664	21420482,21421100	21419901	21422423	1950	known	1	61.76	1
NM_001033904	Khdc1c	intergenic	novel	novel	chr1	+	3	21438981,21439298	21439116,21439734	21438555	21439967	844	known	2	123.53	2
NM_001113187	Khdc1b	intergenic	novel	novel	chr1	+	3	21454260,21454581	21454399,21455026	21453780	21456608	2247	known	2	123.53	2
NM_001310477	Kcnq5	novel_in_catalog	Kcnq5	novel	chr1	-	13	21473349,21475282,21476148,21494381,21527848,21539788,21549693,21557557,21575649,21576083,21605411,21663838	21475156,21476017,21494273,21527628,21539694,21549598,21557447,21575524,21575908,21605285,21663748,22031405	22032875	21468622	7608	known	21	1297.02	21
NM_001160139	Kcnq5	novel_not_in_catalog	Kcnq5	novel	chr1	-	15	21473349,21475282,21476148,21494381,21527848,21531831,21536633,21539788,21549693,21557557,21575649,21576083,21605411,21663838	21475156,21476017,21494273,21527628,21531775,21536607,21539694,21549598,21557447,21575524,21575908,21605285,21663748,22031405	22032167	21468626	6980	known	14	864.68	14
NM_023872	Kcnq5	novel_in_catalog	Kcnq5	novel	chr1	-	14	21473349,21475282,21476148,21494381,21527848,21536633,21539788,21549693,21557557,21575649,21576083,21605411,21663838	21475156,21476017,21494273,21527628,21536607,21539694,21549598,21557447,21575524,21575908,21605285,21663748,22031405	22032167	21468626	6923	novel	198	12229.02	198
NM_001012623	Rims1	novel_in_catalog	Rims1	novel	chr1	-	32	22358864,22360423,22361338,22363158,22367220,22416752,22443734,22449764,22467787,22474739,22492054,22496183,22497837,22498872,22503094,22504251,22504525,22507402,22511918,22514815,22518639,22522334,22523833,22525733,22572552,22573321,22577704,22633185,22635665,22669561,22766091	22360284,22361237,22363046,22367082,22416517,22443568,22449652,22467675,22474668,22491965,22496121,22497712,22498716,22503023,22504098,22504354,22507272,22511806,22514769,22518516,22522235,22523723,22525669,22572480,22573087,22577367,22633174,22635452,22669493,22766011,22844642	22845240	22356195	7009	known	66	4076.34	66
NM_001012624	Rims1	novel_in_catalog	Rims1	novel	chr1	-	31	22358864,22360423,22361338,22363158,22367220,22416752,22443734,22449764,22467787,22492054,22496183,22497837,22498872,22503094,22504251,22504525,22507402,22511918,22514815,22518639,22522334,22523833,22525733,22572552,22573321,22577704,22633185,22635665,22669561,22766091	22360284,22361237,22363046,22367082,22416517,22443568,22449652,22467675,22491965,22496121,22497712,22498716,22503023,22504098,22504354,22507272,22511806,22514769,22518516,22522235,22523723,22525669,22572480,22573087,22577367,22633174,22635452,22669493,22766011,22844642	22845240	22356195	6937	novel	2	123.53	2
NM_001012625	Rims1	novel_in_catalog	Rims1	novel	chr1	-	29	22358864,22360423,22361338,22363158,22367220,22416752,22443734,22449764,22467787,22497837,22498872,22503094,22504251,22504525,22507402,22511918,22514815,22518639,22522334,22523833,22525733,22572552,22573321,22577704,22633185,22635665,22669561,22766091	22360284,22361237,22363046,22367082,22416517,22443568,22449652,22467675,22497712,22498716,22503023,22504098,22504354,22507272,22511806,22514769,22518516,22522235,22523723,22525669,22572480,22573087,22577367,22633174,22635452,22669493,22766011,22844642	22845240	22356195	6784	known	2	123.53	2
NM_053270	Rims1	novel_not_in_catalog	Rims1	novel	chr1	-	34	22358864,22360423,22361338,22363158,22367220,22416752,22443734,22449764,22467787,22469005,22474739,22482518,22492054,22496183,22497837,22498872,22503094,22504251,22504525,22507402,22511918,22514815,22518639,22522334,22523833,22525733,22572552,22573321,22577704,22633185,22635665,22669561,22766091	22360284,22361237,22363046,22367082,22416517,22443568,22449652,22467675,22468823,22474668,22482435,22491965,22496121,22497712,22498716,22503023,22504098,22504354,22507272,22511806,22514769,22518516,22522235,22523723,22525669,22572480,22573087,22577367,22633174,22635452,22669493,22766011,22844642	22845240	22356195	7276	known	50	3088.14	50
NM_183018	Rims1	novel_in_catalog	Rims1	novel	chr1	-	33	22358864,22360423,22361338,22363158,22367220,22416752,22443734,22449764,22467787,22469005,22474739,22492054,22496183,22497837,22498872,22503094,22504251,22504525,22507402,22511918,22514815,22518639,22522334,22523833,22525733,22572552,22573321,22577704,22633185,22635665,22669561,22766091	22360284,22361237,22363046,22367082,22416517,22443568,22449652,22467675,22468823,22474668,22491965,22496121,22497712,22498716,22503023,22504098,22504354,22507272,22511806,22514769,22518516,22522235,22523723,22525669,22572480,22573087,22577367,22633174,22635452,22669493,22766011,22844642	22845240	22356195	7192	known	3	185.29	3
NR_151543	Gm7759	intergenic	novel	novel	chr1	+	3	22937607,22942564	22942490,22942931	22937468	22944162	1447	known	2	123.53	2
NM_025746	Ppp1r14bl	intergenic	novel	novel	chr1	-	1	NA	NA	23141335	23139554	1780	known	1	61.76	1
NR_029533	Mir30a	intergenic	novel	novel	chr1	+	1	NA	NA	23311350	23311420	71	known	0	0.0	0
NR_029717	Mir30c-2	intergenic	novel	novel	chr1	+	1	NA	NA	23330782	23330865	84	known	0	0.0	0
NM_001081079	Ogfrl1	novel_in_catalog	Ogfrl1	novel	chr1	-	7	23409529,23414956,23415135,23415330,23417885,23418139	23414811,23415069,23415252,23417807,23418053,23421896	23422257	23405504	4844	known	1	61.76	1
NM_001379082	Ogfrl1	novel_not_in_catalog	Ogfrl1	novel	chr1	-	7	23409529,23414956,23415135,23415330,23417888,23418139	23414811,23415069,23415252,23417807,23418053,23421896	23422283	23405516	4861	novel	21	1297.02	21
NM_001379083	Ogfrl1	novel_in_catalog	Ogfrl1	novel	chr1	-	5	23409529,23415330,23417885,23418139	23415252,23417807,23418053,23421896	23422283	23405516	4645	known	254	15687.73	254
NR_151529	Gm28822	intergenic	novel	novel	chr1	+	4	23613795,23615267,23615897	23615028,23615756,23635478	23613668	23635731	764	known	24	1482.3	24
NM_172124	B3gat2	antisense	Smap1	novel	chr1	+	4	23802309,23854446,23884102	23854302,23883954,23884182	23801007	23886939	4355	known	19	1173.49	19
NR_110972	Smap1	novel_not_in_catalog	Smap1	novel	chr1	-	11	23884438,23885644,23887652,23888549,23892631,23898194,23905374,23915530,23916875,23931074	23885433,23887345,23888384,23892504,23898104,23905298,23915455,23916790,23930941,23948744	23948818	23883905	1885	novel	3	185.29	3
NM_001290683	Smap1	novel_in_catalog	Smap1	novel	chr1	-	10	23885644,23887652,23888549,23892631,23898194,23905378,23915530,23916875,23931074	23887345,23888384,23892504,23898104,23905298,23915455,23916790,23930941,23948744	23948818	23884705	2083	known	1	61.76	1
NM_001357395	Smap1	novel_not_in_catalog	Smap1	novel	chr1	-	11	23885644,23887652,23888549,23892631,23898194,23905378,23910599,23915530,23916875,23931074	23887345,23888384,23892504,23898104,23905298,23910519,23915455,23916790,23930941,23961119	23961463	23884705	2434	known	5	308.81	5
NM_028534	Smap1	novel_in_catalog	Smap1	novel	chr1	-	10	23885644,23887652,23888549,23892631,23898194,23905378,23915530,23916875,23931074	23887345,23888384,23892504,23898104,23905298,23915455,23916790,23930941,23961119	23961463	23884705	2353	known	4	247.05	4
NM_026503	Sdhaf4	intergenic	novel	novel	chr1	-	3	24035441,24042387	24042238,24044627	24044722	24035019	667	known	5	308.81	5
NM_026604	Fam135a	intergenic	novel	novel	chr1	-	21	24051578,24053973,24059866,24061086,24063391,24063954,24065849,24069609,24069977,24071817,24083350,24085488,24092417,24093211,24094998,24096355,24096586,24107059,24124607,24125692	24053860,24059756,24060935,24063294,24063863,24065689,24067281,24069823,24071744,24083195,24085439,24092264,24093085,24094825,24096285,24096447,24106980,24124492,24125601,24139142	24139423	24049838	6467	known	1	61.76	1
NM_007740	Col9a1	novel_not_in_catalog	Col9a1	novel	chr1	+	38	24216949,24217413,24218442,24218688,24224515,24233847,24234618,24236046,24236416,24236587,24241148,24241413,24243762,24244188,24246520,24247287,24248196,24249507,24253673,24256670,24259878,24260713,24260904,24261079,24261556,24262700,24263638,24263781,24269330,24270035,24270567,24271310,24272684,24276352,24276577,24278476,24283516	24217340,24218365,24218556,24224119,24233764,24234598,24235972,24236381,24236525,24241095,24241378,24243739,24244135,24246467,24247255,24248140,24249454,24253620,24256617,24259825,24260660,24260851,24261026,24261503,24262656,24263585,24263728,24269277,24269964,24270532,24271266,24272652,24276206,24276523,24278288,24283439,24290758	24216691	24291819	3888	known	8	494.1	8
NM_001290691	Col9a1	novel_not_in_catalog	Col9a1	novel	chr1	+	32	24234538,24236046,24236416,24236587,24241148,24241413,24243762,24244188,24246520,24247287,24248196,24249507,24253673,24256670,24259878,24260713,24260904,24261079,24261556,24262700,24263638,24263781,24269330,24270035,24270567,24271310,24272684,24276352,24276577,24278476,24283516	24235972,24236381,24236525,24241095,24241378,24243739,24244135,24246467,24247255,24248140,24249454,24253620,24256617,24259825,24260660,24260851,24261026,24261503,24262656,24263585,24263728,24269277,24269964,24270532,24271266,24272652,24276206,24276523,24278288,24283439,24290758	24234284	24291819	3097	novel	1	61.76	1
